OCCUPATIONID,RELATIONTYPE,SKILLID
key_20422,essential,key_19687
key_20423,optional,key_20016
key_20424,essential,key_20359
key_20424,optional,key_19545
key_20425,optional,key_19655
key_20426,essential,key_19878
key_20426,essential,key_20279
key_20426,optional,key_20101
key_20427,essential,key_19613
key_20427,essential,key_20045
key_20427,essential,key_20034
key_20427,optional,key_20379
key_20427,optional,key_19671
key_20429,essential,key_19758
key_20429,essential,key_20386
key_20429,optional,key_19741
key_20430,essential,key_19537
key_20430,essential,key_19590
key_20430,essential,key_19633
key_20430,essential,key_19767
key_20430,essential,key_19916
key_20430,essential,key_20024
key_20430,essential,key_20104
key_20430,essential,key_20175
key_20430,essential,key_20239
key_20430,essential,key_20252
key_20430,essential,key_20273
key_20430,optional,key_19438
key_20431,essential,key_20386
key_20431,optional,key_19942
key_20432,optional,key_19578
key_20433,essential,key_19623
key_20433,essential,key_20088
key_20435,essential,key_19458
key_20435,essential,key_20002
key_20435,essential,key_20154
key_20437,essential,key_20180
key_20437,optional,key_19771
key_20439,essential,key_19832
key_20439,essential,key_20154
key_20439,essential,key_20217
key_20439,optional,key_20205
key_20440,essential,key_19642
key_20440,essential,key_19771
key_20440,essential,key_19590
key_20440,essential,key_20217
key_20441,essential,key_19590
key_20442,essential,key_19431
key_20442,essential,key_20279
key_20442,optional,key_20335
key_20442,optional,key_20355
key_20443,essential,key_19824
key_20443,optional,key_20087
key_20444,essential,key_19784
key_20444,essential,key_19942
key_20444,essential,key_20386
key_20444,optional,key_19886
key_20444,optional,key_19778
key_20445,essential,key_20119
key_20445,essential,key_19499
key_20446,essential,key_20179
key_20447,essential,key_19596
key_20447,optional,key_19536
key_20448,essential,key_19492
key_20448,essential,key_19690
key_20448,essential,key_19920
key_20448,optional,key_19459
key_20449,essential,key_19740
key_20449,essential,key_20228
key_20449,optional,key_19839
key_20450,essential,key_19865
key_20450,optional,key_19451
key_20450,optional,key_20034
key_20451,optional,key_19758
key_20451,optional,key_20232
key_20453,essential,key_20059
key_20453,optional,key_19499
key_20453,optional,key_19982
key_20455,essential,key_19885
key_20455,essential,key_20279
key_20455,optional,key_20355
key_20456,essential,key_19874
key_20456,essential,key_20204
key_20456,optional,key_20147
key_20456,optional,key_20257
key_20457,essential,key_20103
key_20457,optional,key_19750
key_20458,essential,key_19732
key_20458,essential,key_20314
key_20459,essential,key_19459
key_20459,essential,key_19920
key_20460,optional,key_20016
key_20461,essential,key_19489
key_20461,essential,key_19959
key_20461,essential,key_20086
key_20461,optional,key_20185
key_20463,essential,key_20279
key_20463,essential,key_20335
key_20463,optional,key_19464
key_20465,essential,key_19943
key_20465,essential,key_20155
key_20465,optional,key_19429
key_20465,optional,key_19571
key_20465,optional,key_19653
key_20465,optional,key_19973
key_20465,optional,key_20102
key_20465,optional,key_20106
key_20465,optional,key_20168
key_20465,optional,key_19646
key_20465,optional,key_20159
key_20466,essential,key_20386
key_20466,optional,key_19942
key_20466,optional,key_20409
key_20467,essential,key_19590
key_20467,essential,key_20273
key_20467,essential,key_20372
key_20468,essential,key_20249
key_20469,essential,key_19590
key_20469,essential,key_19636
key_20469,essential,key_20002
key_20470,essential,key_20386
key_20470,essential,key_20409
key_20470,optional,key_19741
key_20470,optional,key_19851
key_20470,optional,key_19942
key_20471,essential,key_19516
key_20471,essential,key_19546
key_20471,essential,key_19687
key_20471,optional,key_19886
key_20472,essential,key_19516
key_20474,optional,key_19564
key_20476,essential,key_20056
key_20476,essential,key_19458
key_20476,essential,key_19552
key_20476,essential,key_19730
key_20476,essential,key_20096
key_20476,essential,key_20341
key_20477,essential,key_19758
key_20477,essential,key_20386
key_20477,essential,key_20409
key_20477,optional,key_19741
key_20477,optional,key_19942
key_20477,optional,key_20271
key_20478,essential,key_19638
key_20478,essential,key_19832
key_20478,essential,key_20154
key_20478,essential,key_20217
key_20478,optional,key_20205
key_20479,essential,key_19590
key_20480,optional,key_19858
key_20481,essential,key_19624
key_20481,essential,key_19834
key_20481,optional,key_19907
key_20481,optional,key_19917
key_20482,essential,key_19815
key_20483,essential,key_19840
key_20484,essential,key_19716
key_20484,essential,key_19959
key_20484,optional,key_20364
key_20484,optional,key_20384
key_20484,optional,key_20159
key_20485,essential,key_19499
key_20485,optional,key_20331
key_20486,essential,key_19870
key_20486,optional,key_19526
key_20486,optional,key_20034
key_20488,optional,key_19600
key_20488,optional,key_19701
key_20488,optional,key_19435
key_20488,optional,key_19458
key_20488,optional,key_19516
key_20488,optional,key_19860
key_20488,optional,key_19985
key_20488,optional,key_20347
key_20489,essential,key_19516
key_20489,optional,key_20176
key_20489,optional,key_20217
key_20490,essential,key_20218
key_20490,optional,key_19429
key_20490,optional,key_19452
key_20490,optional,key_19571
key_20490,optional,key_19653
key_20490,optional,key_19973
key_20490,optional,key_20102
key_20490,optional,key_20106
key_20490,optional,key_20168
key_20490,optional,key_19654
key_20490,optional,key_19806
key_20491,essential,key_19833
key_20491,essential,key_19857
key_20491,optional,key_19644
key_20492,essential,key_19860
key_20492,optional,key_20016
key_20492,optional,key_20124
key_20493,optional,key_19830
key_20494,essential,key_20154
key_20494,optional,key_19590
key_20496,essential,key_20157
key_20496,essential,key_20386
key_20496,optional,key_19598
key_20497,optional,key_20049
key_20497,optional,key_20377
key_20497,optional,key_19536
key_20498,optional,key_19458
key_20498,optional,key_19516
key_20499,essential,key_19454
key_20499,essential,key_20261
key_20500,optional,key_19499
key_20501,essential,key_20331
key_20502,essential,key_19747
key_20502,essential,key_19815
key_20502,essential,key_20088
key_20502,essential,key_20148
key_20502,optional,key_20408
key_20503,essential,key_19599
key_20503,essential,key_19451
key_20503,essential,key_19865
key_20503,optional,key_20216
key_20504,essential,key_19546
key_20504,optional,key_20150
key_20504,optional,key_20319
key_20505,essential,key_20056
key_20505,essential,key_19458
key_20505,essential,key_19730
key_20505,essential,key_20091
key_20505,essential,key_20096
key_20506,essential,key_19860
key_20507,essential,key_20016
key_20507,essential,key_20124
key_20507,optional,key_20259
key_20507,optional,key_19499
key_20507,optional,key_19860
key_20509,essential,key_19713
key_20509,optional,key_19499
key_20510,essential,key_19920
key_20510,optional,key_19681
key_20511,essential,key_19583
key_20511,essential,key_19867
key_20511,essential,key_19460
key_20511,essential,key_19677
key_20511,essential,key_20006
key_20512,essential,key_19629
key_20512,optional,key_19575
key_20513,essential,key_19886
key_20514,essential,key_20049
key_20514,essential,key_19878
key_20514,optional,key_20224
key_20515,essential,key_19514
key_20515,essential,key_20150
key_20515,optional,key_19886
key_20515,optional,key_19546
key_20516,essential,key_19886
key_20516,essential,key_19849
key_20516,optional,key_19797
key_20516,optional,key_20107
key_20516,optional,key_20403
key_20518,essential,key_20115
key_20518,essential,key_20295
key_20518,essential,key_20372
key_20518,optional,key_19590
key_20518,optional,key_19710
key_20519,essential,key_19886
key_20519,optional,key_20101
key_20519,optional,key_20264
key_20519,optional,key_20361
key_20520,essential,key_19492
key_20520,essential,key_19690
key_20520,essential,key_19920
key_20521,essential,key_19590
key_20521,essential,key_20273
key_20522,essential,key_19449
key_20522,essential,key_20224
key_20522,essential,key_20293
key_20523,essential,key_20249
key_20523,optional,key_19968
key_20524,essential,key_20049
key_20525,essential,key_19886
key_20525,essential,key_19649
key_20525,essential,key_19875
key_20525,essential,key_20107
key_20525,optional,key_19797
key_20526,essential,key_19590
key_20526,essential,key_20295
key_20526,essential,key_20372
key_20526,optional,key_20115
key_20527,optional,key_19599
key_20527,optional,key_20225
key_20528,essential,key_19514
key_20528,essential,key_20150
key_20528,optional,key_19886
key_20528,optional,key_19546
key_20529,optional,key_19718
key_20529,optional,key_20404
key_20530,essential,key_19830
key_20530,essential,key_20415
key_20531,essential,key_19646
key_20531,essential,key_19959
key_20531,optional,key_19429
key_20531,optional,key_19653
key_20531,optional,key_19943
key_20531,optional,key_19973
key_20531,optional,key_20102
key_20531,optional,key_20106
key_20531,optional,key_20121
key_20531,optional,key_20155
key_20531,optional,key_20168
key_20531,optional,key_20384
key_20531,optional,key_19654
key_20531,optional,key_20154
key_20533,essential,key_19886
key_20534,essential,key_19458
key_20534,essential,key_19516
key_20534,essential,key_19566
key_20534,essential,key_19590
key_20534,optional,key_20282
key_20534,optional,key_20207
key_20536,essential,key_19556
key_20536,optional,key_19651
key_20536,optional,key_19734
key_20536,optional,key_19872
key_20536,optional,key_20154
key_20536,optional,key_20204
key_20537,essential,key_19546
key_20537,optional,key_20150
key_20538,essential,key_20359
key_20538,essential,key_19860
key_20539,essential,key_19960
key_20539,essential,key_19857
key_20539,essential,key_20407
key_20539,optional,key_20377
key_20540,essential,key_19753
key_20540,essential,key_19712
key_20541,essential,key_20314
key_20541,optional,key_19512
key_20541,optional,key_19803
key_20541,optional,key_19814
key_20541,optional,key_20243
key_20542,essential,key_19776
key_20544,essential,key_20386
key_20544,optional,key_19451
key_20544,optional,key_19865
key_20544,optional,key_19942
key_20545,essential,key_19476
key_20546,essential,key_20025
key_20546,essential,key_20154
key_20546,optional,key_20179
key_20547,essential,key_19590
key_20548,essential,key_20066
key_20548,essential,key_20107
key_20549,optional,key_19438
key_20549,optional,key_19831
key_20550,essential,key_20056
key_20550,essential,key_20410
key_20550,optional,key_19701
key_20550,optional,key_19988
key_20551,optional,key_19574
key_20553,essential,key_19741
key_20553,essential,key_19758
key_20554,essential,key_20355
key_20555,optional,key_20082
key_20556,optional,key_19455
key_20556,optional,key_19664
key_20558,optional,key_19973
key_20558,optional,key_20179
key_20559,optional,key_20016
key_20560,optional,key_19510
key_20560,optional,key_19782
key_20561,essential,key_19556
key_20562,optional,key_20359
key_20562,optional,key_19952
key_20563,optional,key_19438
key_20563,optional,key_19831
key_20564,essential,key_19556
key_20564,essential,key_20204
key_20564,optional,key_19590
key_20564,optional,key_19651
key_20564,optional,key_19665
key_20564,optional,key_19734
key_20564,optional,key_19872
key_20565,essential,key_19959
key_20565,essential,key_20096
key_20566,essential,key_19926
key_20566,optional,key_20021
key_20566,optional,key_19558
key_20566,optional,key_20345
key_20566,optional,key_20400
key_20567,essential,key_19556
key_20567,optional,key_19651
key_20567,optional,key_19665
key_20567,optional,key_19734
key_20567,optional,key_19872
key_20567,optional,key_20154
key_20567,optional,key_20204
key_20568,essential,key_19614
key_20568,essential,key_19478
key_20568,essential,key_19572
key_20568,essential,key_19582
key_20568,essential,key_19633
key_20568,essential,key_20024
key_20568,optional,key_19916
key_20569,essential,key_20340
key_20569,optional,key_20119
key_20569,optional,key_19499
key_20570,optional,key_19646
key_20571,essential,key_20101
key_20571,optional,key_20146
key_20572,essential,key_19764
key_20572,essential,key_20036
key_20572,essential,key_20018
key_20572,optional,key_19773
key_20572,optional,key_19947
key_20573,essential,key_20396
key_20573,essential,key_20386
key_20573,optional,key_19909
key_20573,optional,key_20045
key_20573,optional,key_20051
key_20573,optional,key_20333
key_20573,optional,key_20338
key_20573,optional,key_19451
key_20573,optional,key_19865
key_20573,optional,key_19942
key_20574,optional,key_20367
key_20575,essential,key_19613
key_20575,essential,key_19633
key_20575,essential,key_19685
key_20575,essential,key_19916
key_20575,essential,key_20024
key_20575,optional,key_19840
key_20575,optional,key_19675
key_20575,optional,key_19722
key_20575,optional,key_20211
key_20576,essential,key_20076
key_20577,essential,key_20266
key_20577,optional,key_19830
key_20577,optional,key_20137
key_20578,essential,key_20157
key_20578,essential,key_20154
key_20579,essential,key_20364
key_20579,essential,key_19716
key_20579,essential,key_20081
key_20579,optional,key_19527
key_20579,optional,key_19931
key_20579,optional,key_20354
key_20579,optional,key_20384
key_20580,essential,key_19505
key_20580,essential,key_19762
key_20580,essential,key_19865
key_20580,essential,key_19870
key_20580,essential,key_20125
key_20580,optional,key_19451
key_20580,optional,key_19646
key_20580,optional,key_19807
key_20580,optional,key_20154
key_20582,essential,key_19642
key_20582,essential,key_19590
key_20582,essential,key_20217
key_20583,essential,key_19499
key_20583,optional,key_19660
key_20583,optional,key_20154
key_20583,optional,key_20224
key_20584,essential,key_19680
key_20584,essential,key_20022
key_20584,essential,key_19509
key_20584,essential,key_19818
key_20585,essential,key_19451
key_20585,essential,key_19865
key_20585,essential,key_19992
key_20585,optional,key_19528
key_20585,optional,key_20089
key_20585,optional,key_20098
key_20585,optional,key_20216
key_20586,essential,key_20384
key_20586,essential,key_19716
key_20586,optional,key_19949
key_20587,essential,key_19516
key_20587,essential,key_19617
key_20587,essential,key_19860
key_20587,essential,key_20256
key_20587,optional,key_20228
key_20588,essential,key_20153
key_20588,essential,key_19424
key_20588,essential,key_19933
key_20589,essential,key_20157
key_20589,essential,key_20015
key_20589,optional,key_19640
key_20590,essential,key_19784
key_20590,essential,key_20386
key_20590,essential,key_20409
key_20590,optional,key_19942
key_20590,optional,key_20234
key_20591,essential,key_20228
key_20591,optional,key_20050
key_20591,optional,key_20312
key_20592,essential,key_19661
key_20592,essential,key_19592
key_20592,essential,key_20048
key_20592,optional,key_20185
key_20592,optional,key_20241
key_20593,essential,key_19540
key_20593,essential,key_20111
key_20594,essential,key_19451
key_20594,essential,key_19865
key_20594,essential,key_20038
key_20594,optional,key_19938
key_20594,optional,key_19552
key_20594,optional,key_19891
key_20595,essential,key_20056
key_20595,essential,key_19458
key_20595,essential,key_19730
key_20595,essential,key_20096
key_20596,essential,key_19546
key_20596,optional,key_20150
key_20597,essential,key_19920
key_20597,optional,key_19937
key_20597,optional,key_19492
key_20597,optional,key_20207
key_20598,essential,key_20034
key_20598,optional,key_20396
key_20600,essential,key_19830
key_20601,optional,key_19499
key_20602,essential,key_19960
key_20602,essential,key_19885
key_20602,optional,key_19705
key_20602,optional,key_20377
key_20603,essential,key_20388
key_20603,optional,key_20373
key_20604,optional,key_20016
key_20605,essential,key_19422
key_20605,essential,key_19437
key_20605,essential,key_19563
key_20606,essential,key_20365
key_20606,optional,key_19516
key_20606,optional,key_19844
key_20606,optional,key_20372
key_20607,essential,key_19701
key_20607,optional,key_19600
key_20607,optional,key_19764
key_20608,essential,key_19545
key_20608,essential,key_20203
key_20608,essential,key_19807
key_20609,essential,key_20057
key_20609,optional,key_20206
key_20610,essential,key_19646
key_20610,optional,key_19476
key_20611,essential,key_20049
key_20611,optional,key_19449
key_20612,essential,key_19458
key_20612,essential,key_19590
key_20612,essential,key_20002
key_20612,optional,key_20367
key_20613,essential,key_19874
key_20613,essential,key_20204
key_20613,essential,key_20387
key_20613,optional,key_20147
key_20613,optional,key_20257
key_20614,optional,key_20217
key_20615,optional,key_19546
key_20615,optional,key_20085
key_20616,essential,key_20053
key_20616,optional,key_19884
key_20616,optional,key_19443
key_20617,optional,key_19458
key_20617,optional,key_19516
key_20618,essential,key_19536
key_20618,essential,key_19660
key_20619,essential,key_20179
key_20619,optional,key_19499
key_20620,essential,key_19972
key_20621,essential,key_19920
key_20621,optional,key_19681
key_20622,essential,key_19976
key_20623,optional,key_20378
key_20624,essential,key_19860
key_20625,essential,key_20258
key_20625,optional,key_20231
key_20626,essential,key_19747
key_20626,optional,key_19947
key_20627,essential,key_20279
key_20628,essential,key_19976
key_20628,essential,key_20045
key_20628,essential,key_20396
key_20628,essential,key_19451
key_20628,essential,key_19865
key_20628,essential,key_20034
key_20628,optional,key_20216
key_20629,essential,key_19716
key_20629,essential,key_19959
key_20629,optional,key_19980
key_20629,optional,key_20156
key_20629,optional,key_20384
key_20630,essential,key_19575
key_20630,optional,key_19664
key_20631,essential,key_20282
key_20631,essential,key_19758
key_20631,essential,key_20386
key_20631,essential,key_20409
key_20631,optional,key_19741
key_20631,optional,key_19942
key_20632,essential,key_19943
key_20632,optional,key_19429
key_20632,optional,key_19571
key_20632,optional,key_19653
key_20632,optional,key_19980
key_20632,optional,key_20102
key_20632,optional,key_20106
key_20632,optional,key_20121
key_20632,optional,key_20168
key_20632,optional,key_19646
key_20633,optional,key_19429
key_20633,optional,key_19571
key_20633,optional,key_19653
key_20633,optional,key_19973
key_20633,optional,key_20102
key_20633,optional,key_20106
key_20633,optional,key_20168
key_20633,optional,key_20179
key_20634,essential,key_20087
key_20634,optional,key_19830
key_20635,essential,key_20154
key_20636,essential,key_20417
key_20637,essential,key_20386
key_20637,optional,key_19942
key_20637,optional,key_20409
key_20638,essential,key_19590
key_20638,optional,key_19646
key_20638,optional,key_20060
key_20639,essential,key_20056
key_20639,essential,key_19458
key_20639,essential,key_19730
key_20639,essential,key_20096
key_20640,essential,key_20386
key_20640,optional,key_19942
key_20640,optional,key_20234
key_20641,essential,key_19701
key_20641,optional,key_20056
key_20641,optional,key_19736
key_20641,optional,key_20355
key_20642,optional,key_19830
key_20643,essential,key_20386
key_20643,optional,key_19451
key_20643,optional,key_19865
key_20643,optional,key_19942
key_20645,essential,key_20417
key_20645,essential,key_19590
key_20645,optional,key_19516
key_20646,optional,key_19431
key_20647,essential,key_19451
key_20647,essential,key_19865
key_20647,essential,key_20034
key_20647,optional,key_20216
key_20648,essential,key_19497
key_20648,essential,key_19451
key_20648,essential,key_19865
key_20648,optional,key_20045
key_20649,essential,key_19827
key_20649,essential,key_19451
key_20649,essential,key_19860
key_20649,essential,key_19865
key_20650,essential,key_19451
key_20650,essential,key_19865
key_20650,essential,key_20135
key_20650,optional,key_19755
key_20650,optional,key_20216
key_20650,optional,key_20390
key_20651,essential,key_19747
key_20651,essential,key_20088
key_20651,optional,key_20068
key_20651,optional,key_19891
key_20651,optional,key_20220
key_20652,essential,key_20250
key_20652,optional,key_20154
key_20653,essential,key_20115
key_20653,essential,key_19590
key_20653,essential,key_19710
key_20653,essential,key_19920
key_20653,essential,key_20295
key_20653,essential,key_20372
key_20654,essential,key_19642
key_20654,essential,key_19590
key_20654,essential,key_20217
key_20655,essential,key_19578
key_20655,optional,key_19946
key_20656,optional,key_19463
key_20656,optional,key_19787
key_20656,optional,key_20331
key_20657,essential,key_19428
key_20657,essential,key_19579
key_20657,optional,key_20016
key_20658,essential,key_19506
key_20658,essential,key_19590
key_20658,essential,key_20154
key_20658,optional,key_20101
key_20658,optional,key_20179
key_20659,essential,key_20056
key_20659,essential,key_19458
key_20659,essential,key_19730
key_20659,essential,key_20096
key_20661,optional,key_19465
key_20662,essential,key_19863
key_20662,essential,key_19959
key_20662,essential,key_20005
key_20662,optional,key_19590
key_20662,optional,key_20179
key_20663,essential,key_19830
key_20663,essential,key_20383
key_20663,essential,key_20389
key_20664,essential,key_19960
key_20664,optional,key_20216
key_20665,optional,key_19827
key_20665,optional,key_20224
key_20666,essential,key_19860
key_20666,optional,key_19854
key_20666,optional,key_20243
key_20666,optional,key_20375
key_20667,essential,key_19994
key_20667,optional,key_19888
key_20668,essential,key_19753
key_20668,essential,key_19712
key_20668,essential,key_19857
key_20668,essential,key_19875
key_20668,essential,key_19885
key_20668,essential,key_20161
key_20668,optional,key_20179
key_20669,essential,key_19625
key_20669,essential,key_20162
key_20669,optional,key_19925
key_20669,optional,key_20154
key_20669,optional,key_20232
key_20671,essential,key_19590
key_20671,essential,key_19636
key_20671,essential,key_20002
key_20672,essential,key_19458
key_20672,essential,key_19590
key_20672,essential,key_20002
key_20672,essential,key_20154
key_20672,essential,key_20179
key_20672,essential,key_20217
key_20673,essential,key_19422
key_20674,essential,key_20056
key_20674,essential,key_19458
key_20674,essential,key_19730
key_20674,essential,key_20096
key_20675,essential,key_19784
key_20675,essential,key_19942
key_20675,essential,key_20386
key_20675,optional,key_19886
key_20675,optional,key_19778
key_20676,essential,key_19458
key_20676,essential,key_20154
key_20676,optional,key_20417
key_20677,essential,key_19807
key_20677,essential,key_20138
key_20677,optional,key_19545
key_20678,optional,key_19590
key_20679,essential,key_19516
key_20679,essential,key_19799
key_20679,optional,key_19489
key_20679,optional,key_20402
key_20680,essential,key_19881
key_20680,optional,key_19591
key_20680,optional,key_19860
key_20681,essential,key_20231
key_20681,optional,key_19813
key_20681,optional,key_20195
key_20682,essential,key_19628
key_20682,optional,key_20154
key_20683,essential,key_19874
key_20683,essential,key_20137
key_20683,essential,key_20204
key_20683,optional,key_20147
key_20683,optional,key_20257
key_20684,essential,key_20295
key_20685,optional,key_19681
key_20686,optional,key_19499
key_20687,essential,key_19600
key_20687,essential,key_19515
key_20687,essential,key_19991
key_20687,essential,key_19996
key_20687,essential,key_20159
key_20687,optional,key_19429
key_20687,optional,key_19571
key_20687,optional,key_19653
key_20687,optional,key_19973
key_20687,optional,key_20102
key_20687,optional,key_20106
key_20687,optional,key_20168
key_20687,optional,key_19520
key_20688,essential,key_19458
key_20688,essential,key_19674
key_20688,optional,key_19476
key_20689,essential,key_20201
key_20689,essential,key_20100
key_20690,essential,key_20279
key_20690,optional,key_20122
key_20691,essential,key_19556
key_20691,essential,key_19785
key_20691,optional,key_19651
key_20691,optional,key_19665
key_20691,optional,key_19669
key_20691,optional,key_19734
key_20691,optional,key_19749
key_20691,optional,key_19872
key_20692,essential,key_19794
key_20692,essential,key_19873
key_20692,optional,key_19807
key_20692,optional,key_20154
key_20693,essential,key_20204
key_20693,optional,key_20154
key_20693,optional,key_20257
key_20694,essential,key_19962
key_20694,optional,key_19878
key_20695,essential,key_20156
key_20695,essential,key_20384
key_20695,essential,key_19917
key_20695,optional,key_19809
key_20696,essential,key_19827
key_20697,essential,key_19506
key_20697,essential,key_20217
key_20697,optional,key_19653
key_20698,essential,key_19458
key_20698,essential,key_19878
key_20698,optional,key_20056
key_20699,optional,key_20082
key_20701,essential,key_20018
key_20701,optional,key_19860
key_20702,essential,key_19920
key_20703,essential,key_19590
key_20704,essential,key_20417
key_20704,optional,key_20325
key_20706,optional,key_19613
key_20706,optional,key_19722
key_20706,optional,key_20211
key_20707,optional,key_19510
key_20707,optional,key_19747
key_20707,optional,key_20170
key_20707,optional,key_20220
key_20708,essential,key_19439
key_20708,essential,key_19451
key_20708,essential,key_19865
key_20708,essential,key_20034
key_20708,optional,key_19904
key_20708,optional,key_20045
key_20708,optional,key_20216
key_20709,essential,key_20355
key_20710,essential,key_19642
key_20710,essential,key_19590
key_20710,essential,key_20217
key_20711,essential,key_20267
key_20711,essential,key_19489
key_20711,optional,key_19456
key_20711,optional,key_19810
key_20712,essential,key_20173
key_20713,essential,key_19867
key_20713,essential,key_19793
key_20713,optional,key_19583
key_20714,optional,key_20016
key_20714,optional,key_20325
key_20715,essential,key_19610
key_20715,essential,key_19807
key_20716,essential,key_20386
key_20716,essential,key_20409
key_20716,optional,key_19431
key_20716,optional,key_19567
key_20716,optional,key_20342
key_20717,optional,key_20217
key_20718,essential,key_19459
key_20718,essential,key_19690
key_20718,essential,key_19920
key_20719,optional,key_20359
key_20720,essential,key_20082
key_20720,optional,key_20016
key_20721,essential,key_20414
key_20721,optional,key_19526
key_20721,optional,key_19532
key_20722,essential,key_19686
key_20722,essential,key_20145
key_20722,optional,key_20092
key_20723,essential,key_20153
key_20723,essential,key_20282
key_20723,essential,key_19424
key_20723,essential,key_19933
key_20723,essential,key_19948
key_20724,essential,key_19590
key_20724,optional,key_19860
key_20725,essential,key_19886
key_20725,optional,key_19563
key_20725,optional,key_19797
key_20726,optional,key_20016
key_20726,optional,key_20082
key_20727,essential,key_19681
key_20727,essential,key_19920
key_20728,essential,key_19499
key_20728,optional,key_19982
key_20728,optional,key_20059
key_20729,essential,key_19777
key_20729,optional,key_19449
key_20729,optional,key_19906
key_20730,essential,key_19559
key_20730,optional,key_19966
key_20731,essential,key_19633
key_20731,essential,key_19916
key_20731,essential,key_20024
key_20731,essential,key_20291
key_20731,optional,key_20042
key_20733,essential,key_19499
key_20734,essential,key_19971
key_20734,essential,key_19432
key_20734,optional,key_20217
key_20735,essential,key_20229
key_20735,essential,key_19690
key_20736,essential,key_20154
key_20736,essential,key_20180
key_20736,optional,key_20197
key_20736,optional,key_20303
key_20737,essential,key_19457
key_20739,optional,key_19664
key_20740,optional,key_19522
key_20741,essential,key_19983
key_20741,essential,key_19451
key_20741,essential,key_19865
key_20741,optional,key_20216
key_20742,essential,key_20153
key_20742,essential,key_20282
key_20742,essential,key_19424
key_20742,essential,key_19933
key_20742,essential,key_20386
key_20742,optional,key_19784
key_20742,optional,key_19942
key_20743,optional,key_19983
key_20743,optional,key_19469
key_20743,optional,key_20101
key_20743,optional,key_20216
key_20744,essential,key_20140
key_20744,essential,key_19477
key_20744,essential,key_20135
key_20744,optional,key_19947
key_20744,optional,key_20160
key_20745,optional,key_20060
key_20745,optional,key_20131
key_20746,optional,key_19590
key_20747,optional,key_19545
key_20747,optional,key_19706
key_20747,optional,key_19617
key_20748,essential,key_20391
key_20748,optional,key_19687
key_20748,optional,key_20319
key_20748,optional,key_20413
key_20749,essential,key_20049
key_20749,optional,key_20224
key_20749,optional,key_20293
key_20750,essential,key_19937
key_20750,essential,key_19462
key_20750,optional,key_20154
key_20751,essential,key_19959
key_20751,essential,key_20250
key_20751,optional,key_20179
key_20752,optional,key_20114
key_20752,optional,key_20363
key_20753,essential,key_19514
key_20753,optional,key_19687
key_20753,optional,key_20107
key_20754,essential,key_19623
key_20754,essential,key_19747
key_20754,essential,key_20088
key_20754,essential,key_20220
key_20754,optional,key_19510
key_20754,optional,key_19939
key_20754,optional,key_20402
key_20755,essential,key_19860
key_20755,essential,key_20011
key_20755,essential,key_20243
key_20755,optional,key_19742
key_20755,optional,key_19854
key_20755,optional,key_20378
key_20756,essential,key_20386
key_20756,essential,key_20409
key_20756,optional,key_19942
key_20756,optional,key_20234
key_20757,essential,key_19833
key_20757,optional,key_19777
key_20757,optional,key_20049
key_20757,optional,key_19536
key_20757,optional,key_19878
key_20757,optional,key_20293
key_20758,essential,key_20279
key_20758,optional,key_19871
key_20759,essential,key_19467
key_20759,essential,key_20038
key_20759,essential,key_20154
key_20759,optional,key_20256
key_20760,essential,key_19820
key_20762,essential,key_19910
key_20763,essential,key_19860
key_20763,essential,key_19946
key_20763,essential,key_20034
key_20764,optional,key_19720
key_20765,essential,key_19786
key_20765,essential,key_19456
key_20765,optional,key_20114
key_20766,optional,key_19681
key_20767,essential,key_19456
key_20767,optional,key_19827
key_20767,optional,key_20267
key_20767,optional,key_19590
key_20767,optional,key_19999
key_20767,optional,key_20154
key_20768,essential,key_19886
key_20768,optional,key_20269
key_20769,essential,key_19572
key_20769,optional,key_20014
key_20770,essential,key_20107
key_20771,essential,key_19650
key_20771,essential,key_20386
key_20771,optional,key_19451
key_20771,optional,key_19865
key_20771,optional,key_19942
key_20772,essential,key_19805
key_20773,optional,key_19499
key_20773,optional,key_19673
key_20774,essential,key_19874
key_20774,essential,key_19456
key_20774,optional,key_20114
key_20775,essential,key_20359
key_20776,essential,key_20417
key_20776,optional,key_20246
key_20777,essential,key_19646
key_20777,essential,key_19788
key_20777,essential,key_20125
key_20777,optional,key_19991
key_20778,essential,key_20384
key_20778,essential,key_19646
key_20778,essential,key_19716
key_20779,optional,key_19748
key_20780,essential,key_19778
key_20780,optional,key_19660
key_20780,optional,key_19910
key_20780,optional,key_19974
key_20781,essential,key_19451
key_20781,essential,key_19865
key_20781,optional,key_19540
key_20781,optional,key_20111
key_20782,essential,key_19929
key_20782,essential,key_19516
key_20782,optional,key_20242
key_20785,optional,key_19590
key_20787,essential,key_19545
key_20787,optional,key_19600
key_20789,essential,key_19834
key_20789,optional,key_20078
key_20789,optional,key_20085
key_20790,essential,key_19590
key_20790,optional,key_20179
key_20792,essential,key_20082
key_20793,optional,key_19516
key_20794,optional,key_19885
key_20795,optional,key_19974
key_20796,essential,key_20345
key_20796,optional,key_19531
key_20796,optional,key_19683
key_20797,optional,key_20016
key_20797,optional,key_19947
key_20798,optional,key_19600
key_20798,optional,key_19646
key_20798,optional,key_19655
key_20798,optional,key_20154
key_20799,optional,key_19449
key_20799,optional,key_20224
key_20799,optional,key_20293
key_20800,optional,key_20082
key_20801,essential,key_19815
key_20801,essential,key_19946
key_20801,essential,key_19947
key_20802,essential,key_20160
key_20802,optional,key_20076
key_20803,essential,key_20004
key_20804,essential,key_20386
key_20804,optional,key_19461
key_20804,optional,key_20007
key_20805,essential,key_19556
key_20805,essential,key_19665
key_20805,essential,key_20204
key_20805,optional,key_19651
key_20805,optional,key_19721
key_20805,optional,key_19734
key_20806,essential,key_19642
key_20806,essential,key_19771
key_20806,essential,key_19590
key_20806,essential,key_20217
key_20807,essential,key_19758
key_20807,essential,key_20386
key_20807,optional,key_19741
key_20809,essential,key_20154
key_20809,optional,key_19937
key_20810,essential,key_20057
key_20810,optional,key_19947
key_20810,optional,key_20206
key_20811,essential,key_19764
key_20811,essential,key_20049
key_20811,optional,key_20154
key_20812,optional,key_20088
key_20812,optional,key_20314
key_20813,essential,key_19652
key_20813,essential,key_19933
key_20813,essential,key_20232
key_20814,essential,key_19910
key_20814,optional,key_19833
key_20814,optional,key_19536
key_20815,optional,key_19709
key_20815,optional,key_20111
key_20815,optional,key_20306
key_20816,essential,key_19720
key_20816,essential,key_20372
key_20817,essential,key_20417
key_20817,optional,key_19545
key_20818,essential,key_20410
key_20818,optional,key_20036
key_20819,essential,key_19432
key_20819,essential,key_19590
key_20819,optional,key_19971
key_20819,optional,key_20217
key_20819,optional,key_20224
key_20820,essential,key_19456
key_20820,essential,key_19738
key_20821,essential,key_19598
key_20821,essential,key_19800
key_20821,essential,key_20118
key_20821,optional,key_19830
key_20822,essential,key_19701
key_20822,essential,key_19764
key_20822,essential,key_20410
key_20822,optional,key_19600
key_20822,optional,key_19494
key_20822,optional,key_19900
key_20823,essential,key_19865
key_20823,essential,key_20125
key_20823,essential,key_20139
key_20823,optional,key_19451
key_20823,optional,key_19646
key_20823,optional,key_20154
key_20824,essential,key_19590
key_20824,optional,key_20319
key_20825,essential,key_19451
key_20825,essential,key_19865
key_20825,optional,key_19904
key_20825,optional,key_19905
key_20825,optional,key_20034
key_20825,optional,key_20098
key_20825,optional,key_20216
key_20826,essential,key_19886
key_20826,optional,key_19535
key_20826,optional,key_19676
key_20826,optional,key_20280
key_20827,essential,key_20013
key_20828,essential,key_19523
key_20828,optional,key_19590
key_20829,essential,key_20013
key_20830,essential,key_19960
key_20830,essential,key_19857
key_20830,essential,key_20032
key_20830,optional,key_19667
key_20830,optional,key_19834
key_20830,optional,key_20355
key_20831,optional,key_19590
key_20832,essential,key_20217
key_20832,essential,key_20390
key_20832,optional,key_19590
key_20832,optional,key_20361
key_20833,essential,key_19499
key_20834,essential,key_19775
key_20834,essential,key_20278
key_20835,essential,key_19738
key_20835,essential,key_20306
key_20835,optional,key_19456
key_20836,essential,key_20094
key_20836,optional,key_19516
key_20837,essential,key_20359
key_20838,essential,key_19458
key_20840,optional,key_19454
key_20841,optional,key_19880
key_20841,optional,key_20224
key_20843,essential,key_19590
key_20844,essential,key_19732
key_20845,essential,key_19990
key_20846,essential,key_19834
key_20846,optional,key_20319
key_20847,essential,key_19790
key_20847,essential,key_19552
key_20847,essential,key_20154
key_20847,optional,key_19937
key_20847,optional,key_19646
key_20848,optional,key_20049
key_20848,optional,key_19458
key_20850,optional,key_20359
key_20850,optional,key_20191
key_20850,optional,key_20314
key_20851,optional,key_19681
key_20853,essential,key_19546
key_20853,essential,key_19612
key_20853,essential,key_19829
key_20853,essential,key_20150
key_20854,essential,key_19649
key_20854,essential,key_19875
key_20854,essential,key_19959
key_20854,essential,key_20107
key_20854,optional,key_19563
key_20855,essential,key_19545
key_20855,essential,key_20203
key_20855,essential,key_20359
key_20856,essential,key_19860
key_20857,optional,key_19750
key_20858,essential,key_20195
key_20858,essential,key_20231
key_20858,optional,key_19504
key_20859,essential,key_19535
key_20859,optional,key_20217
key_20860,essential,key_19875
key_20860,essential,key_20349
key_20860,optional,key_20157
key_20860,optional,key_19543
key_20860,optional,key_19830
key_20861,essential,key_20228
key_20862,essential,key_19847
key_20862,optional,key_19860
key_20862,optional,key_20034
key_20862,optional,key_20228
key_20865,essential,key_19701
key_20865,essential,key_19764
key_20865,optional,key_20410
key_20866,essential,key_19590
key_20866,essential,key_19636
key_20866,essential,key_20002
key_20867,essential,key_19937
key_20868,essential,key_19817
key_20868,essential,key_20317
key_20868,optional,key_20154
key_20869,essential,key_20420
key_20869,optional,key_20216
key_20870,essential,key_19759
key_20871,essential,key_19500
key_20872,essential,key_20282
key_20872,optional,key_19784
key_20872,optional,key_19942
key_20872,optional,key_20386
key_20873,essential,key_19646
key_20873,optional,key_19991
key_20874,essential,key_20417
key_20875,essential,key_19704
key_20875,optional,key_19960
key_20875,optional,key_20331
key_20876,essential,key_19590
key_20876,essential,key_19636
key_20876,essential,key_20002
key_20877,essential,key_20022
key_20877,essential,key_19559
key_20877,essential,key_20185
key_20877,essential,key_20350
key_20877,optional,key_19966
key_20877,optional,key_20111
key_20877,optional,key_20400
key_20878,essential,key_19777
key_20878,essential,key_19906
key_20879,optional,key_19759
key_20880,essential,key_20417
key_20880,essential,key_19646
key_20880,optional,key_19500
key_20880,optional,key_19516
key_20880,optional,key_19860
key_20881,essential,key_20370
key_20881,optional,key_19797
key_20882,optional,key_19499
key_20882,optional,key_19541
key_20882,optional,key_20041
key_20882,optional,key_20331
key_20884,essential,key_19807
key_20884,essential,key_19870
key_20884,optional,key_19545
key_20884,optional,key_19616
key_20884,optional,key_20195
key_20885,essential,key_19590
key_20885,essential,key_19636
key_20885,essential,key_20002
key_20886,optional,key_19444
key_20886,optional,key_19590
key_20887,essential,key_19983
key_20889,essential,key_19542
key_20889,essential,key_19556
key_20889,essential,key_19665
key_20889,essential,key_19872
key_20889,essential,key_20037
key_20889,essential,key_20204
key_20889,essential,key_20300
key_20889,optional,key_19734
key_20890,essential,key_19873
key_20890,optional,key_19545
key_20890,optional,key_19795
key_20891,essential,key_19655
key_20891,essential,key_20139
key_20891,optional,key_19646
key_20891,optional,key_20154
key_20892,essential,key_20016
key_20892,essential,key_19504
key_20892,optional,key_19658
key_20893,essential,key_19545
key_20893,essential,key_20359
key_20893,essential,key_20139
key_20894,essential,key_20388
key_20895,essential,key_19451
key_20895,essential,key_19865
key_20895,essential,key_20034
key_20895,optional,key_20216
key_20896,essential,key_19451
key_20896,essential,key_19788
key_20896,essential,key_19865
key_20896,optional,key_19586
key_20897,essential,key_20386
key_20898,essential,key_20285
key_20898,optional,key_20359
key_20898,optional,key_19616
key_20898,optional,key_20195
key_20899,essential,key_20154
key_20899,optional,key_19902
key_20899,optional,key_20299
key_20900,essential,key_20113
key_20900,essential,key_19450
key_20900,essential,key_19531
key_20900,essential,key_19959
key_20900,essential,key_20154
key_20900,essential,key_20360
key_20900,optional,key_19667
key_20901,essential,key_19590
key_20901,essential,key_19922
key_20901,optional,key_19871
key_20902,essential,key_19649
key_20902,essential,key_19875
key_20902,essential,key_20107
key_20902,optional,key_19687
key_20902,optional,key_19797
key_20903,essential,key_19590
key_20903,essential,key_20273
key_20903,essential,key_20365
key_20903,optional,key_19516
key_20904,essential,key_19926
key_20904,essential,key_20345
key_20904,essential,key_20400
key_20904,optional,key_19683
key_20905,essential,key_19458
key_20905,essential,key_19552
key_20906,essential,key_19608
key_20906,essential,key_19799
key_20907,essential,key_19556
key_20907,essential,key_19665
key_20907,optional,key_19539
key_20907,optional,key_20257
key_20908,essential,key_19623
key_20908,essential,key_20088
key_20908,optional,key_19747
key_20909,essential,key_20056
key_20909,essential,key_19458
key_20909,essential,key_19730
key_20909,essential,key_20096
key_20910,optional,key_19577
key_20910,optional,key_19646
key_20911,optional,key_20359
key_20913,optional,key_20127
key_20913,optional,key_20269
key_20914,essential,key_19807
key_20915,essential,key_19998
key_20915,essential,key_20199
key_20915,optional,key_20185
key_20915,optional,key_20241
key_20916,essential,key_19959
key_20916,optional,key_20049
key_20916,optional,key_19536
key_20917,essential,key_20156
key_20917,essential,key_20384
key_20917,essential,key_19716
key_20917,optional,key_20364
key_20917,optional,key_19590
key_20917,optional,key_20159
key_20918,essential,key_19545
key_20918,essential,key_20203
key_20918,essential,key_19570
key_20918,optional,key_19600
key_20918,optional,key_19807
key_20920,essential,key_20319
key_20920,optional,key_19477
key_20920,optional,key_20314
key_20921,essential,key_19680
key_20921,essential,key_20113
key_20921,essential,key_19657
key_20922,essential,key_20386
key_20922,essential,key_20409
key_20922,optional,key_20183
key_20922,optional,key_19942
key_20922,optional,key_20234
key_20923,essential,key_20016
key_20923,essential,key_20124
key_20923,essential,key_20259
key_20923,essential,key_19860
key_20924,essential,key_19587
key_20924,essential,key_20151
key_20925,essential,key_19649
key_20925,essential,key_19875
key_20925,essential,key_20107
key_20925,optional,key_19797
key_20926,essential,key_19590
key_20926,optional,key_19974
key_20927,essential,key_19814
key_20927,essential,key_20034
key_20927,optional,key_20045
key_20927,optional,key_19860
key_20927,optional,key_20243
key_20928,essential,key_19556
key_20928,essential,key_19665
key_20928,essential,key_20204
key_20928,optional,key_19734
key_20928,optional,key_19872
key_20928,optional,key_20154
key_20929,essential,key_19920
key_20930,essential,key_19742
key_20930,optional,key_19578
key_20930,optional,key_19946
key_20931,essential,key_19920
key_20932,essential,key_19458
key_20932,essential,key_20351
key_20932,optional,key_20279
key_20933,optional,key_20205
key_20934,essential,key_20101
key_20934,essential,key_20111
key_20935,optional,key_19589
key_20935,optional,key_19844
key_20936,essential,key_20228
key_20937,essential,key_19590
key_20937,essential,key_19636
key_20937,essential,key_20002
key_20938,optional,key_19438
key_20939,essential,key_19642
key_20939,essential,key_20355
key_20940,essential,key_19750
key_20940,essential,key_19834
key_20940,optional,key_19797
key_20940,optional,key_19907
key_20940,optional,key_20154
key_20941,optional,key_19590
key_20942,optional,key_20309
key_20942,optional,key_20395
key_20943,essential,key_20331
key_20943,essential,key_20376
key_20943,optional,key_19703
key_20944,essential,key_20088
key_20944,optional,key_20220
key_20944,optional,key_20421
key_20945,optional,key_20085
key_20946,essential,key_19732
key_20946,essential,key_20378
key_20947,optional,key_20016
key_20947,optional,key_19504
key_20948,optional,key_19590
key_20949,optional,key_19681
key_20949,optional,key_19646
key_20949,optional,key_19860
key_20951,optional,key_19600
key_20951,optional,key_19701
key_20951,optional,key_19435
key_20951,optional,key_19985
key_20952,essential,key_19590
key_20952,essential,key_19636
key_20952,essential,key_20002
key_20953,essential,key_19794
key_20953,essential,key_19873
key_20953,optional,key_20154
key_20954,essential,key_19599
key_20954,essential,key_20224
key_20954,optional,key_19433
key_20954,optional,key_20162
key_20955,essential,key_19652
key_20955,essential,key_19758
key_20955,essential,key_19933
key_20955,essential,key_20232
key_20956,essential,key_20377
key_20956,optional,key_20049
key_20956,optional,key_19536
key_20957,optional,key_19836
key_20959,essential,key_20204
key_20959,optional,key_20147
key_20959,optional,key_20257
key_20960,optional,key_20057
key_20961,optional,key_19590
key_20961,optional,key_20217
key_20961,optional,key_20361
key_20962,essential,key_20273
key_20962,optional,key_19720
key_20962,optional,key_19590
key_20963,essential,key_20386
key_20963,essential,key_20409
key_20963,optional,key_19983
key_20963,optional,key_19942
key_20963,optional,key_20234
key_20964,essential,key_19784
key_20964,essential,key_19942
key_20964,essential,key_20386
key_20964,optional,key_19886
key_20964,optional,key_19778
key_20965,optional,key_20056
key_20967,optional,key_20018
key_20967,optional,key_20154
key_20969,essential,key_19458
key_20969,essential,key_20002
key_20969,essential,key_20154
key_20970,essential,key_19654
key_20970,optional,key_19429
key_20970,optional,key_19452
key_20970,optional,key_19571
key_20970,optional,key_19653
key_20970,optional,key_19973
key_20970,optional,key_20102
key_20970,optional,key_20106
key_20970,optional,key_20168
key_20970,optional,key_20218
key_20970,optional,key_20217
key_20971,essential,key_19459
key_20971,essential,key_19492
key_20971,essential,key_19690
key_20971,essential,key_19920
key_20971,optional,key_19894
key_20972,essential,key_20022
key_20972,essential,key_20386
key_20973,essential,key_19784
key_20973,essential,key_19942
key_20973,essential,key_20386
key_20973,optional,key_19886
key_20973,optional,key_19778
key_20974,essential,key_20034
key_20974,optional,key_20267
key_20974,optional,key_19860
key_20974,optional,key_20172
key_20974,optional,key_20216
key_20975,optional,key_20217
key_20976,essential,key_19566
key_20976,essential,key_19878
key_20977,essential,key_19832
key_20977,essential,key_20154
key_20977,optional,key_20137
key_20978,optional,key_19590
key_20979,essential,key_19830
key_20980,optional,key_20088
key_20981,optional,key_19546
key_20981,optional,key_20085
key_20983,essential,key_20417
key_20983,essential,key_19590
key_20983,optional,key_19860
key_20984,essential,key_19827
key_20984,essential,key_20196
key_20984,essential,key_19860
key_20984,optional,key_19764
key_20984,optional,key_19431
key_20984,optional,key_19985
key_20986,essential,key_20055
key_20987,essential,key_19458
key_20987,essential,key_19483
key_20987,essential,key_20088
key_20987,essential,key_20207
key_20987,optional,key_19902
key_20988,essential,key_19458
key_20988,essential,key_20154
key_20988,essential,key_20179
key_20989,essential,key_20016
key_20990,essential,key_19576
key_20991,optional,key_19664
key_20992,essential,key_20117
key_20992,essential,key_20301
key_20992,essential,key_20324
key_20992,essential,key_20070
key_20993,essential,key_20355
key_20994,essential,key_19784
key_20994,essential,key_19942
key_20994,essential,key_20386
key_20995,essential,key_19556
key_20995,essential,key_19597
key_20995,essential,key_19665
key_20995,optional,key_19734
key_20995,optional,key_19872
key_20995,optional,key_19928
key_20996,essential,key_20400
key_20997,essential,key_19434
key_20997,essential,key_19592
key_20997,essential,key_19725
key_20997,optional,key_19661
key_20997,optional,key_19830
key_20997,optional,key_20000
key_20998,optional,key_19997
key_20999,essential,key_19505
key_20999,essential,key_19613
key_20999,essential,key_19614
key_20999,essential,key_20045
key_20999,essential,key_20338
key_20999,essential,key_19427
key_20999,essential,key_19633
key_20999,essential,key_19916
key_20999,essential,key_20024
key_20999,optional,key_19590
key_21000,essential,key_20056
key_21000,essential,key_19458
key_21000,essential,key_19730
key_21000,essential,key_20096
key_21002,essential,key_19959
key_21003,essential,key_19744
key_21003,essential,key_19825
key_21003,essential,key_20228
key_21003,optional,key_20050
key_21004,essential,key_19515
key_21004,essential,key_19654
key_21004,essential,key_19996
key_21004,optional,key_19429
key_21004,optional,key_19475
key_21004,optional,key_19571
key_21004,optional,key_19653
key_21004,optional,key_20102
key_21004,optional,key_20106
key_21004,optional,key_20121
key_21004,optional,key_20168
key_21004,optional,key_20174
key_21005,essential,key_19459
key_21005,essential,key_19690
key_21005,essential,key_19920
key_21006,essential,key_20355
key_21007,essential,key_20155
key_21007,essential,key_19646
key_21008,essential,key_19590
key_21009,optional,key_19936
key_21009,optional,key_20283
key_21010,essential,key_19590
key_21011,essential,key_19858
key_21011,essential,key_19590
key_21011,essential,key_19955
key_21011,essential,key_19965
key_21011,essential,key_20101
key_21011,essential,key_20273
key_21012,essential,key_20279
key_21012,optional,key_20163
key_21013,essential,key_19608
key_21013,optional,key_19799
key_21014,essential,key_19531
key_21014,essential,key_20035
key_21014,optional,key_20002
key_21015,optional,key_19510
key_21015,optional,key_19860
key_21016,optional,key_20082
key_21017,essential,key_19830
key_21017,essential,key_20314
key_21017,optional,key_20259
key_21017,optional,key_19732
key_21017,optional,key_19947
key_21017,optional,key_20378
key_21018,essential,key_20049
key_21018,essential,key_19536
key_21018,essential,key_19878
key_21018,essential,key_20154
key_21018,optional,key_19458
key_21019,essential,key_19960
key_21019,essential,key_20386
key_21019,optional,key_19451
key_21019,optional,key_19865
key_21019,optional,key_19942
key_21020,essential,key_19614
key_21020,essential,key_20297
key_21020,optional,key_20045
key_21021,optional,key_19531
key_21021,optional,key_19853
key_21022,essential,key_20388
key_21022,optional,key_19516
key_21022,optional,key_19590
key_21024,essential,key_19937
key_21024,essential,key_19462
key_21024,essential,key_19483
key_21024,essential,key_20171
key_21024,essential,key_20331
key_21024,optional,key_19614
key_21024,optional,key_19805
key_21024,optional,key_19848
key_21025,essential,key_19590
key_21026,essential,key_19807
key_21026,essential,key_19870
key_21026,optional,key_19505
key_21026,optional,key_19646
key_21026,optional,key_20335
key_21027,essential,key_20386
key_21027,optional,key_19451
key_21027,optional,key_19865
key_21027,optional,key_19942
key_21028,essential,key_20327
key_21028,optional,key_20085
key_21029,essential,key_19590
key_21029,essential,key_20365
key_21029,optional,key_19516
key_21030,optional,key_20385
key_21031,optional,key_19711
key_21032,essential,key_20359
key_21032,optional,key_20060
key_21033,essential,key_19590
key_21033,essential,key_20028
key_21033,essential,key_20135
key_21033,essential,key_20152
key_21034,essential,key_19860
key_21034,essential,key_20228
key_21035,optional,key_19833
key_21035,optional,key_19960
key_21035,optional,key_20049
key_21035,optional,key_20133
key_21035,optional,key_20377
key_21035,optional,key_19449
key_21035,optional,key_19458
key_21035,optional,key_19535
key_21035,optional,key_19536
key_21035,optional,key_19596
key_21035,optional,key_19644
key_21035,optional,key_19660
key_21035,optional,key_19688
key_21035,optional,key_19778
key_21035,optional,key_19857
key_21035,optional,key_19878
key_21035,optional,key_19962
key_21035,optional,key_19974
key_21035,optional,key_20078
key_21035,optional,key_20090
key_21035,optional,key_20154
key_21035,optional,key_20224
key_21035,optional,key_20293
key_21035,optional,key_20407
key_21037,essential,key_19545
key_21038,essential,key_19516
key_21038,essential,key_19590
key_21038,essential,key_20273
key_21038,essential,key_20365
key_21039,essential,key_19853
key_21039,optional,key_19531
key_21040,optional,key_19777
key_21041,essential,key_19556
key_21041,optional,key_19651
key_21041,optional,key_19665
key_21041,optional,key_19872
key_21042,essential,key_20034
key_21042,optional,key_20045
key_21042,optional,key_20172
key_21042,optional,key_20216
key_21043,optional,key_19649
key_21045,essential,key_19642
key_21045,essential,key_19590
key_21045,essential,key_19907
key_21045,essential,key_20217
key_21045,essential,key_20222
key_21046,essential,key_19661
key_21046,essential,key_20274
key_21046,essential,key_19592
key_21046,essential,key_19977
key_21046,essential,key_20065
key_21046,essential,key_20243
key_21047,essential,key_19642
key_21047,essential,key_19771
key_21047,essential,key_19590
key_21047,essential,key_19907
key_21047,essential,key_20217
key_21047,essential,key_20222
key_21048,essential,key_19860
key_21049,essential,key_19729
key_21049,essential,key_20279
key_21049,optional,key_19946
key_21050,essential,key_19499
key_21051,essential,key_20359
key_21051,essential,key_20018
key_21051,optional,key_19465
key_21051,optional,key_19590
key_21051,optional,key_19910
key_21052,essential,key_19843
key_21052,essential,key_19959
key_21052,optional,key_20355
key_21053,essential,key_20154
key_21053,optional,key_19734
key_21054,essential,key_19449
key_21054,essential,key_19536
key_21054,optional,key_20293
key_21056,essential,key_19853
key_21056,optional,key_19599
key_21056,optional,key_20142
key_21057,essential,key_19481
key_21057,essential,key_19959
key_21057,optional,key_19471
key_21057,optional,key_19590
key_21057,optional,key_20179
key_21058,essential,key_20201
key_21058,essential,key_20160
key_21059,essential,key_19630
key_21059,essential,key_20053
key_21059,optional,key_20001
key_21059,optional,key_19489
key_21060,essential,key_19642
key_21060,essential,key_19771
key_21060,essential,key_19590
key_21060,essential,key_19907
key_21060,essential,key_20217
key_21060,essential,key_20222
key_21061,essential,key_19614
key_21061,essential,key_19461
key_21061,essential,key_19633
key_21061,essential,key_19916
key_21061,essential,key_20024
key_21061,optional,key_20247
key_21062,essential,key_19458
key_21062,essential,key_19516
key_21062,essential,key_19590
key_21062,essential,key_20179
key_21062,optional,key_20154
key_21063,essential,key_20186
key_21063,optional,key_19973
key_21063,optional,key_20179
key_21064,essential,key_19470
key_21064,essential,key_19482
key_21064,essential,key_19637
key_21064,optional,key_19891
key_21065,optional,key_20185
key_21066,essential,key_19741
key_21066,optional,key_19758
key_21066,optional,key_20349
key_21067,essential,key_19824
key_21070,essential,key_19468
key_21070,essential,key_19784
key_21070,essential,key_19942
key_21070,essential,key_20386
key_21071,essential,key_19943
key_21071,essential,key_19646
key_21071,essential,key_19961
key_21071,essential,key_20344
key_21071,optional,key_20102
key_21071,optional,key_20393
key_21072,optional,key_20002
key_21073,optional,key_20228
key_21074,essential,key_19575
key_21075,optional,key_20085
key_21076,essential,key_20408
key_21076,essential,key_19647
key_21076,essential,key_19747
key_21076,essential,key_19815
key_21076,essential,key_20088
key_21076,optional,key_20148
key_21077,essential,key_19959
key_21077,optional,key_20224
key_21077,optional,key_20375
key_21078,essential,key_20087
key_21079,optional,key_20056
key_21080,optional,key_20119
key_21080,optional,key_19499
key_21080,optional,key_20214
key_21081,essential,key_20225
key_21081,optional,key_19599
key_21082,essential,key_19600
key_21082,essential,key_19943
key_21082,optional,key_19429
key_21082,optional,key_19571
key_21082,optional,key_19653
key_21082,optional,key_19973
key_21082,optional,key_20102
key_21082,optional,key_20106
key_21082,optional,key_20168
key_21082,optional,key_19586
key_21082,optional,key_20159
key_21083,essential,key_19712
key_21084,optional,key_19681
key_21085,essential,key_19714
key_21085,essential,key_20034
key_21085,essential,key_20388
key_21085,optional,key_19516
key_21085,optional,key_19590
key_21085,optional,key_19860
key_21086,essential,key_20417
key_21086,essential,key_19860
key_21086,essential,key_20034
key_21086,essential,key_20038
key_21087,essential,key_19960
key_21088,essential,key_20261
key_21088,optional,key_19960
key_21088,optional,key_19860
key_21089,essential,key_19545
key_21089,essential,key_19873
key_21089,essential,key_19865
key_21089,essential,key_20125
key_21089,essential,key_20169
key_21089,optional,key_19451
key_21089,optional,key_19646
key_21089,optional,key_20154
key_21090,essential,key_20355
key_21091,essential,key_20386
key_21091,essential,key_20409
key_21091,optional,key_20183
key_21091,optional,key_19942
key_21091,optional,key_20234
key_21092,essential,key_19531
key_21092,essential,key_20071
key_21092,optional,key_20157
key_21092,optional,key_20032
key_21092,optional,key_20135
key_21093,essential,key_19553
key_21093,essential,key_19717
key_21095,essential,key_20220
key_21095,essential,key_20353
key_21095,optional,key_19939
key_21096,essential,key_20049
key_21096,optional,key_19536
key_21097,optional,key_19546
key_21098,essential,key_19626
key_21098,essential,key_19633
key_21098,essential,key_19916
key_21098,essential,key_20024
key_21098,essential,key_20291
key_21099,optional,key_19499
key_21100,optional,key_19813
key_21100,optional,key_20319
key_21101,essential,key_19512
key_21101,essential,key_19803
key_21102,essential,key_19815
key_21103,essential,key_19720
key_21104,optional,key_19510
key_21104,optional,key_19714
key_21104,optional,key_20231
key_21105,essential,key_20009
key_21105,essential,key_20185
key_21106,optional,key_19531
key_21106,optional,key_19853
key_21107,essential,key_19886
key_21110,optional,key_20179
key_21111,essential,key_20355
key_21111,optional,key_19516
key_21112,essential,key_20154
key_21112,optional,key_20002
key_21113,optional,key_19983
key_21113,optional,key_20089
key_21114,essential,key_20386
key_21114,essential,key_20409
key_21114,optional,key_20068
key_21114,optional,key_20220
key_21115,essential,key_20408
key_21115,essential,key_19815
key_21115,essential,key_20088
key_21115,optional,key_20220
key_21116,essential,key_19590
key_21116,optional,key_19860
key_21117,essential,key_19590
key_21117,essential,key_19636
key_21117,essential,key_20002
key_21118,essential,key_19492
key_21118,essential,key_19690
key_21118,essential,key_19920
key_21119,essential,key_19590
key_21119,optional,key_19880
key_21120,essential,key_19590
key_21120,essential,key_20382
key_21120,optional,key_19974
key_21121,essential,key_19458
key_21121,essential,key_20154
key_21121,optional,key_20002
key_21122,essential,key_20021
key_21122,essential,key_20359
key_21122,optional,key_20022
key_21122,optional,key_19465
key_21122,optional,key_19477
key_21122,optional,key_19558
key_21122,optional,key_20237
key_21122,optional,key_20319
key_21123,essential,key_19599
key_21123,essential,key_19433
key_21123,optional,key_19853
key_21123,optional,key_20162
key_21125,essential,key_19545
key_21125,essential,key_20354
key_21125,optional,key_19429
key_21125,optional,key_19571
key_21125,optional,key_19653
key_21125,optional,key_20102
key_21125,optional,key_20106
key_21125,optional,key_20168
key_21126,essential,key_20049
key_21126,essential,key_20251
key_21126,optional,key_19449
key_21127,essential,key_20284
key_21128,essential,key_19458
key_21128,essential,key_20002
key_21128,essential,key_20154
key_21128,optional,key_19590
key_21129,essential,key_19590
key_21129,optional,key_20377
key_21129,optional,key_19974
key_21130,essential,key_20311
key_21131,essential,key_19636
key_21131,essential,key_20273
key_21131,essential,key_20397
key_21131,optional,key_19907
key_21132,essential,key_20056
key_21132,essential,key_19458
key_21132,essential,key_19539
key_21132,essential,key_19730
key_21132,essential,key_20096
key_21132,essential,key_20257
key_21133,optional,key_20260
key_21133,optional,key_20284
key_21134,essential,key_19642
key_21134,essential,key_19771
key_21134,essential,key_19590
key_21134,essential,key_19907
key_21134,essential,key_20217
key_21134,essential,key_20222
key_21135,essential,key_19893
key_21135,essential,key_20130
key_21136,essential,key_20157
key_21136,essential,key_20386
key_21136,optional,key_19913
key_21137,essential,key_20228
key_21138,essential,key_19974
key_21139,essential,key_19832
key_21139,essential,key_20154
key_21139,essential,key_20217
key_21139,optional,key_20205
key_21140,essential,key_20056
key_21140,essential,key_19458
key_21140,essential,key_19730
key_21140,essential,key_20096
key_21141,essential,key_20022
key_21141,essential,key_20331
key_21142,essential,key_19590
key_21142,essential,key_20355
key_21142,optional,key_19771
key_21142,optional,key_20217
key_21143,essential,key_19490
key_21143,optional,key_20285
key_21144,essential,key_20153
key_21144,essential,key_19424
key_21144,essential,key_19933
key_21145,essential,key_20228
key_21145,optional,key_19707
key_21146,essential,key_19545
key_21146,essential,key_20359
key_21147,essential,key_20082
key_21149,essential,key_20157
key_21149,essential,key_20154
key_21150,essential,key_20355
key_21150,optional,key_20259
key_21151,essential,key_19662
key_21152,essential,key_19642
key_21152,essential,key_19590
key_21152,essential,key_19907
key_21152,essential,key_20217
key_21152,essential,key_20222
key_21153,essential,key_20153
key_21153,essential,key_19424
key_21153,essential,key_19451
key_21153,essential,key_19865
key_21153,essential,key_19933
key_21154,essential,key_19690
key_21155,optional,key_19814
key_21156,essential,key_19827
key_21156,essential,key_19964
key_21156,optional,key_19967
key_21156,optional,key_20080
key_21157,essential,key_19646
key_21157,essential,key_19843
key_21157,essential,key_19996
key_21157,optional,key_20121
key_21157,optional,key_19515
key_21157,optional,key_20344
key_21158,essential,key_20153
key_21158,essential,key_19424
key_21158,essential,key_19933
key_21158,optional,key_19948
key_21159,optional,key_19438
key_21160,optional,key_19947
key_21161,essential,key_19552
key_21161,essential,key_20205
key_21162,essential,key_20391
key_21162,optional,key_19885
key_21163,essential,key_20049
key_21163,optional,key_19536
key_21164,essential,key_19758
key_21164,essential,key_20386
key_21164,essential,key_20409
key_21164,optional,key_19741
key_21164,optional,key_19942
key_21165,essential,key_19911
key_21165,essential,key_20261
key_21165,optional,key_20419
key_21166,essential,key_19550
key_21166,optional,key_19947
key_21167,essential,key_19860
key_21168,optional,key_20091
key_21169,essential,key_20407
key_21169,optional,key_19809
key_21169,optional,key_19959
key_21169,optional,key_19974
key_21169,optional,key_20101
key_21169,optional,key_20280
key_21170,optional,key_19664
key_21171,essential,key_20366
key_21171,optional,key_20002
key_21172,essential,key_19542
key_21172,essential,key_20386
key_21172,optional,key_19556
key_21172,optional,key_19451
key_21172,optional,key_19865
key_21172,optional,key_19872
key_21172,optional,key_19942
key_21173,essential,key_20088
key_21174,optional,key_19616
key_21175,essential,key_20279
key_21175,optional,key_19473
key_21176,essential,key_20002
key_21176,essential,key_20154
key_21176,optional,key_19590
key_21178,essential,key_20036
key_21178,essential,key_19724
key_21178,essential,key_19860
key_21178,essential,key_20018
key_21179,optional,key_19599
key_21179,optional,key_20034
key_21179,optional,key_20346
key_21180,optional,key_20282
key_21180,optional,key_19784
key_21180,optional,key_19942
key_21180,optional,key_20386
key_21181,essential,key_19600
key_21181,essential,key_19956
key_21181,optional,key_19943
key_21181,optional,key_20226
key_21181,optional,key_19590
key_21182,essential,key_19642
key_21182,essential,key_19771
key_21182,essential,key_19590
key_21182,essential,key_19907
key_21182,essential,key_20217
key_21182,essential,key_20222
key_21183,essential,key_20208
key_21183,essential,key_19633
key_21183,essential,key_19754
key_21183,essential,key_19916
key_21183,essential,key_20024
key_21183,essential,key_20286
key_21184,essential,key_20386
key_21184,optional,key_19503
key_21184,optional,key_19451
key_21184,optional,key_19865
key_21184,optional,key_19942
key_21185,essential,key_19815
key_21185,optional,key_20154
key_21186,essential,key_19920
key_21186,optional,key_19458
key_21186,optional,key_19492
key_21186,optional,key_20207
key_21187,essential,key_19959
key_21188,essential,key_19830
key_21189,optional,key_19590
key_21189,optional,key_20273
key_21190,optional,key_20034
key_21191,essential,key_20386
key_21191,essential,key_20409
key_21191,optional,key_19960
key_21192,essential,key_19451
key_21192,essential,key_19865
key_21192,essential,key_20111
key_21192,optional,key_19827
key_21192,optional,key_19540
key_21193,essential,key_20249
key_21193,essential,key_19605
key_21193,essential,key_19627
key_21193,essential,key_19968
key_21193,optional,key_20214
key_21193,optional,key_20331
key_21194,essential,key_19830
key_21194,optional,key_19844
key_21194,optional,key_20372
key_21195,optional,key_20133
key_21195,optional,key_20293
key_21196,optional,key_19590
key_21196,optional,key_19888
key_21198,optional,key_19860
key_21198,optional,key_20331
key_21199,optional,key_19555
key_21199,optional,key_20197
key_21200,essential,key_20155
key_21200,essential,key_19506
key_21200,essential,key_19666
key_21200,essential,key_19843
key_21200,optional,key_19429
key_21200,optional,key_19571
key_21200,optional,key_19653
key_21200,optional,key_20102
key_21200,optional,key_20106
key_21200,optional,key_20168
key_21200,optional,key_20262
key_21200,optional,key_19590
key_21200,optional,key_19646
key_21200,optional,key_20179
key_21201,essential,key_19438
key_21201,essential,key_20386
key_21202,essential,key_20177
key_21203,essential,key_20355
key_21204,essential,key_19535
key_21205,essential,key_19642
key_21205,essential,key_19771
key_21205,essential,key_19590
key_21205,essential,key_19907
key_21205,essential,key_20217
key_21205,essential,key_20222
key_21206,essential,key_20154
key_21206,optional,key_19608
key_21207,essential,key_20227
key_21207,essential,key_19485
key_21207,essential,key_19660
key_21207,essential,key_19860
key_21207,essential,key_19895
key_21208,essential,key_19517
key_21208,optional,key_19499
key_21210,optional,key_19425
key_21211,essential,key_19652
key_21211,essential,key_19933
key_21211,essential,key_20232
key_21211,optional,key_20349
key_21212,essential,key_19427
key_21212,essential,key_19451
key_21212,essential,key_19865
key_21212,essential,key_20034
key_21212,optional,key_19439
key_21212,optional,key_20216
key_21213,essential,key_19860
key_21213,essential,key_20072
key_21213,essential,key_20369
key_21214,essential,key_20079
key_21214,optional,key_19797
key_21214,optional,key_20273
key_21215,essential,key_20295
key_21215,optional,key_19590
key_21215,optional,key_19710
key_21216,essential,key_20056
key_21216,essential,key_19458
key_21216,essential,key_19730
key_21216,essential,key_20096
key_21217,essential,key_20314
key_21218,essential,key_20217
key_21218,optional,key_19590
key_21218,optional,key_20225
key_21219,optional,key_20370
key_21219,optional,key_19888
key_21219,optional,key_20217
key_21220,essential,key_20417
key_21220,essential,key_20256
key_21220,optional,key_19516
key_21220,optional,key_19860
key_21220,optional,key_20154
key_21220,optional,key_20283
key_21222,optional,key_20231
key_21223,essential,key_19752
key_21224,optional,key_19502
key_21225,essential,key_20056
key_21226,essential,key_20359
key_21226,essential,key_19860
key_21226,optional,key_20259
key_21228,optional,key_19499
key_21228,optional,key_20376
key_21229,essential,key_20056
key_21229,essential,key_19458
key_21229,essential,key_19552
key_21229,essential,key_19604
key_21229,essential,key_19730
key_21229,essential,key_20096
key_21230,essential,key_19508
key_21230,optional,key_20314
key_21231,essential,key_19590
key_21231,essential,key_19860
key_21231,essential,key_20314
key_21231,optional,key_20417
key_21231,optional,key_20034
key_21232,essential,key_19590
key_21232,optional,key_20417
key_21232,optional,key_20100
key_21233,optional,key_20122
key_21234,essential,key_20279
key_21235,optional,key_19670
key_21236,essential,key_20057
key_21236,optional,key_20331
key_21237,essential,key_19886
key_21237,optional,key_20264
key_21237,optional,key_20361
key_21238,essential,key_19642
key_21238,essential,key_19590
key_21238,essential,key_20217
key_21240,essential,key_19701
key_21240,essential,key_19764
key_21240,essential,key_19900
key_21240,optional,key_19600
key_21240,optional,key_20160
key_21241,essential,key_19927
key_21242,essential,key_19886
key_21243,optional,key_19827
key_21243,optional,key_19860
key_21244,essential,key_19642
key_21244,essential,key_19771
key_21244,essential,key_19590
key_21244,essential,key_20217
key_21245,essential,key_20261
key_21245,optional,key_19454
key_21246,optional,key_19794
key_21246,optional,key_19807
key_21246,optional,key_20154
key_21247,essential,key_20095
key_21247,essential,key_20057
key_21247,optional,key_20331
key_21248,essential,key_20408
key_21248,essential,key_20279
key_21249,essential,key_19525
key_21249,essential,key_20388
key_21250,essential,key_20228
key_21251,essential,key_20116
key_21251,essential,key_20224
key_21252,essential,key_20359
key_21253,essential,key_20279
key_21254,essential,key_19451
key_21254,essential,key_19865
key_21254,optional,key_19599
key_21254,optional,key_20024
key_21254,optional,key_20216
key_21255,optional,key_19458
key_21255,optional,key_19516
key_21256,essential,key_19827
key_21256,optional,key_19606
key_21256,optional,key_20388
key_21258,essential,key_19590
key_21258,essential,key_19636
key_21258,essential,key_20002
key_21259,essential,key_19766
key_21260,essential,key_19590
key_21260,essential,key_20256
key_21260,essential,key_20299
key_21260,optional,key_19937
key_21261,essential,key_19833
key_21261,essential,key_19857
key_21261,optional,key_19960
key_21262,essential,key_20380
key_21263,essential,key_19680
key_21265,essential,key_19924
key_21266,essential,key_19959
key_21266,optional,key_19886
key_21266,optional,key_19943
key_21266,optional,key_19590
key_21266,optional,key_19843
key_21266,optional,key_19961
key_21267,essential,key_19860
key_21268,essential,key_19827
key_21268,optional,key_20302
key_21269,essential,key_20157
key_21269,essential,key_20263
key_21269,optional,key_20015
key_21269,optional,key_20101
key_21270,essential,key_20228
key_21271,essential,key_19515
key_21271,essential,key_19646
key_21271,essential,key_19996
key_21271,optional,key_19429
key_21271,optional,key_19475
key_21271,optional,key_19653
key_21271,optional,key_20102
key_21271,optional,key_20106
key_21271,optional,key_20121
key_21271,optional,key_20168
key_21271,optional,key_19590
key_21271,optional,key_19654
key_21272,essential,key_20386
key_21272,optional,key_20409
key_21273,essential,key_19449
key_21273,optional,key_20090
key_21274,optional,key_20372
key_21275,optional,key_20314
key_21276,essential,key_20386
key_21276,essential,key_20409
key_21276,optional,key_19701
key_21276,optional,key_19764
key_21277,optional,key_20301
key_21279,essential,key_20386
key_21280,optional,key_20314
key_21280,optional,key_20378
key_21281,essential,key_19917
key_21282,essential,key_20386
key_21282,optional,key_20075
key_21282,optional,key_20269
key_21282,optional,key_20319
key_21283,essential,key_20386
key_21283,essential,key_20409
key_21283,optional,key_20261
key_21284,essential,key_20095
key_21284,essential,key_19679
key_21284,essential,key_19950
key_21284,optional,key_20057
key_21284,optional,key_20309
key_21284,optional,key_20395
key_21285,essential,key_19951
key_21285,essential,key_20157
key_21285,essential,key_19531
key_21285,essential,key_19954
key_21286,essential,key_20154
key_21287,essential,key_19885
key_21287,essential,key_19974
key_21287,essential,key_20174
key_21287,optional,key_19705
key_21287,optional,key_20377
key_21289,essential,key_20386
key_21289,optional,key_19451
key_21289,optional,key_19865
key_21289,optional,key_19942
key_21289,optional,key_20307
key_21291,essential,key_20140
key_21291,essential,key_20135
key_21291,optional,key_19600
key_21291,optional,key_19978
key_21291,optional,key_19947
key_21295,essential,key_19458
key_21295,essential,key_19999
key_21295,optional,key_19516
key_21295,optional,key_20085
key_21296,essential,key_19834
key_21296,optional,key_20120
key_21297,optional,key_20269
key_21299,essential,key_20355
key_21300,optional,key_19600
key_21301,essential,key_19590
key_21301,essential,key_20279
key_21301,optional,key_20335
key_21302,essential,key_19752
key_21302,optional,key_20154
key_21303,essential,key_20408
key_21303,essential,key_19815
key_21303,essential,key_20088
key_21303,optional,key_20220
key_21304,optional,key_19711
key_21304,optional,key_19875
key_21306,essential,key_20307
key_21306,essential,key_20386
key_21306,optional,key_19653
key_21306,optional,key_19451
key_21306,optional,key_19865
key_21306,optional,key_19942
key_21307,essential,key_19590
key_21307,essential,key_19959
key_21307,optional,key_20154
key_21307,optional,key_20179
key_21308,essential,key_20201
key_21309,optional,key_19653
key_21310,essential,key_19590
key_21310,essential,key_19636
key_21310,essential,key_20002
key_21311,optional,key_20085
key_21311,optional,key_20238
key_21312,optional,key_19535
key_21313,essential,key_19923
key_21314,essential,key_19554
key_21314,essential,key_20279
key_21315,optional,key_19619
key_21315,optional,key_19622
key_21315,optional,key_19632
key_21315,optional,key_20151
key_21315,optional,key_20154
key_21316,optional,key_19757
key_21317,essential,key_19516
key_21317,essential,key_20283
key_21318,essential,key_20157
key_21318,essential,key_20237
key_21318,essential,key_20241
key_21318,optional,key_19858
key_21319,essential,key_19938
key_21319,essential,key_20045
key_21319,essential,key_20197
key_21319,essential,key_19537
key_21319,essential,key_19590
key_21319,essential,key_19633
key_21319,essential,key_19916
key_21319,essential,key_20024
key_21319,essential,key_20273
key_21319,optional,key_20175
key_21320,essential,key_20050
key_21320,essential,key_20228
key_21321,essential,key_20180
key_21321,essential,key_20279
key_21322,essential,key_19458
key_21322,essential,key_20154
key_21322,essential,key_20179
key_21326,optional,key_19614
key_21326,optional,key_19675
key_21326,optional,key_20217
key_21327,optional,key_19695
key_21328,essential,key_19590
key_21328,essential,key_19602
key_21328,optional,key_20034
key_21330,essential,key_20345
key_21330,optional,key_19683
key_21331,essential,key_19614
key_21331,essential,key_20045
key_21331,essential,key_19552
key_21331,optional,key_19611
key_21331,optional,key_19904
key_21331,optional,key_20346
key_21332,essential,key_20228
key_21333,essential,key_19556
key_21333,essential,key_19665
key_21333,essential,key_20137
key_21333,optional,key_19539
key_21333,optional,key_20257
key_21334,essential,key_19552
key_21335,essential,key_20056
key_21335,essential,key_19458
key_21335,essential,key_19730
key_21335,essential,key_20096
key_21336,essential,key_19590
key_21336,optional,key_19574
key_21337,essential,key_20153
key_21337,essential,key_19424
key_21337,essential,key_19933
key_21337,optional,key_20282
key_21337,optional,key_19436
key_21337,optional,key_19784
key_21337,optional,key_19942
key_21337,optional,key_19948
key_21337,optional,key_20181
key_21337,optional,key_20247
key_21337,optional,key_20349
key_21337,optional,key_20386
key_21338,essential,key_20056
key_21338,essential,key_19458
key_21338,essential,key_19730
key_21338,essential,key_20096
key_21339,essential,key_19827
key_21339,essential,key_19857
key_21339,essential,key_19860
key_21339,optional,key_20173
key_21340,essential,key_19810
key_21340,optional,key_19943
key_21340,optional,key_20154
key_21341,essential,key_19516
key_21341,essential,key_19901
key_21341,essential,key_20154
key_21341,optional,key_19903
key_21341,optional,key_20317
key_21341,optional,key_20172
key_21343,optional,key_20016
key_21344,essential,key_20408
key_21344,essential,key_20283
key_21344,essential,key_20421
key_21344,optional,key_20068
key_21344,optional,key_19470
key_21344,optional,key_19637
key_21344,optional,key_19798
key_21344,optional,key_19891
key_21344,optional,key_19936
key_21344,optional,key_19939
key_21344,optional,key_19947
key_21344,optional,key_20256
key_21345,essential,key_19636
key_21345,essential,key_19657
key_21345,optional,key_20154
key_21346,essential,key_19451
key_21346,essential,key_19865
key_21346,optional,key_19540
key_21346,optional,key_20034
key_21346,optional,key_20216
key_21347,essential,key_19590
key_21347,optional,key_20273
key_21348,essential,key_20154
key_21348,optional,key_20049
key_21348,optional,key_19536
key_21348,optional,key_20090
key_21349,essential,key_20153
key_21349,essential,key_19424
key_21349,essential,key_19933
key_21350,essential,key_20157
key_21351,optional,key_19465
key_21351,optional,key_19499
key_21351,optional,key_20034
key_21353,essential,key_19983
key_21354,essential,key_19642
key_21354,essential,key_19590
key_21354,essential,key_20217
key_21355,essential,key_20153
key_21355,essential,key_19424
key_21355,essential,key_19933
key_21356,essential,key_20056
key_21356,optional,key_19988
key_21356,optional,key_20355
key_21358,optional,key_20417
key_21359,essential,key_19652
key_21359,essential,key_19933
key_21359,essential,key_20232
key_21360,essential,key_20014
key_21360,optional,key_19827
key_21360,optional,key_20205
key_21362,optional,key_20162
key_21363,essential,key_19544
key_21365,essential,key_19556
key_21365,optional,key_19651
key_21365,optional,key_19734
key_21365,optional,key_19872
key_21366,essential,key_19590
key_21366,optional,key_19880
key_21368,essential,key_19741
key_21368,essential,key_19758
key_21368,essential,key_20386
key_21369,essential,key_20203
key_21369,essential,key_19655
key_21369,essential,key_20169
key_21369,optional,key_20139
key_21371,optional,key_19601
key_21371,optional,key_20310
key_21372,essential,key_20386
key_21372,essential,key_20409
key_21372,optional,key_19497
key_21372,optional,key_20238
key_21373,optional,key_19590
key_21374,essential,key_19652
key_21374,essential,key_19933
key_21374,essential,key_20232
key_21376,essential,key_20056
key_21376,essential,key_19458
key_21376,essential,key_19730
key_21376,essential,key_20096
key_21377,essential,key_19543
key_21377,essential,key_19875
key_21378,essential,key_20025
key_21378,essential,key_20154
key_21378,optional,key_20179
key_21379,essential,key_20417
key_21379,essential,key_19646
key_21379,optional,key_19516
key_21380,essential,key_19586
key_21380,optional,key_19600
key_21380,optional,key_20226
key_21380,optional,key_19515
key_21380,optional,key_19788
key_21382,essential,key_19458
key_21382,essential,key_20002
key_21382,essential,key_20154
key_21383,essential,key_20192
key_21383,essential,key_19778
key_21383,essential,key_19784
key_21383,essential,key_19851
key_21384,essential,key_20386
key_21384,optional,key_19451
key_21384,optional,key_19865
key_21384,optional,key_19942
key_21386,essential,key_20409
key_21386,optional,key_20351
key_21387,essential,key_19857
key_21388,optional,key_19960
key_21388,optional,key_19778
key_21389,optional,key_20085
key_21390,optional,key_19472
key_21390,optional,key_20034
key_21390,optional,key_20331
key_21391,essential,key_19652
key_21391,essential,key_19933
key_21391,essential,key_20232
key_21392,essential,key_19886
key_21392,essential,key_20007
key_21392,optional,key_20403
key_21393,essential,key_20016
key_21393,essential,key_20259
key_21393,essential,key_19860
key_21393,optional,key_20124
key_21394,essential,key_20333
key_21394,essential,key_19633
key_21394,optional,key_20045
key_21394,optional,key_19537
key_21394,optional,key_19620
key_21395,essential,key_19713
key_21395,essential,key_20376
key_21395,optional,key_19499
key_21395,optional,key_19859
key_21396,essential,key_20403
key_21396,optional,key_19488
key_21396,optional,key_20319
key_21397,essential,key_19857
key_21397,optional,key_19833
key_21398,essential,key_20203
key_21398,essential,key_19865
key_21398,essential,key_20125
key_21398,essential,key_20169
key_21398,optional,key_19451
key_21398,optional,key_19646
key_21398,optional,key_20154
key_21398,optional,key_20188
key_21399,optional,key_19942
key_21399,optional,key_20216
key_21399,optional,key_20386
key_21400,optional,key_20016
key_21400,optional,key_20261
key_21401,optional,key_19622
key_21402,essential,key_19451
key_21402,essential,key_19865
key_21402,optional,key_20370
key_21402,optional,key_20216
key_21403,essential,key_19933
key_21403,optional,key_20153
key_21403,optional,key_20282
key_21404,essential,key_19661
key_21404,essential,key_19872
key_21404,essential,key_19986
key_21404,optional,key_19434
key_21404,optional,key_19725
key_21404,optional,key_20154
key_21404,optional,key_20185
key_21404,optional,key_20241
key_21405,essential,key_20034
key_21405,optional,key_19613
key_21405,optional,key_20045
key_21405,optional,key_20379
key_21405,optional,key_19516
key_21405,optional,key_19671
key_21405,optional,key_19860
key_21406,essential,key_20417
key_21407,optional,key_19453
key_21407,optional,key_20197
key_21408,essential,key_19562
key_21409,essential,key_20228
key_21409,optional,key_19915
key_21409,optional,key_19616
key_21409,optional,key_20231
key_21410,essential,key_19937
key_21412,essential,key_19652
key_21412,essential,key_19933
key_21412,essential,key_20232
key_21413,essential,key_19777
key_21413,optional,key_19644
key_21414,essential,key_19790
key_21414,essential,key_19848
key_21415,essential,key_19590
key_21415,essential,key_20154
key_21416,essential,key_19654
key_21416,essential,key_19769
key_21416,optional,key_19973
key_21416,optional,key_19991
key_21416,optional,key_20179
key_21417,essential,key_19546
key_21417,optional,key_20150
key_21418,optional,key_19590
key_21419,essential,key_20359
key_21419,essential,key_19485
key_21419,optional,key_20227
key_21421,optional,key_19589
key_21421,optional,key_19844